month,dimension,y,n,unknown,lower,upper
1,0,95.0,230.0,10.0,0.3958333333333333,0.4375
1,1,117.0,232.0,8.0,0.4875,0.5208333333333334
1,2,71.0,235.0,5.0,0.29583333333333334,0.31666666666666665
2,0,86.0,236.0,4.0,0.35833333333333334,0.375
2,1,118.0,230.0,10.0,0.49166666666666664,0.5333333333333333
2,2,55.0,235.0,5.0,0.22916666666666666,0.25
3,0,84.0,236.0,4.0,0.35,0.36666666666666664
3,1,130.0,235.0,5.0,0.5416666666666666,0.5625
3,2,60.0,235.0,5.0,0.25,0.2708333333333333
4,0,90.0,234.0,6.0,0.375,0.4
4,1,126.0,236.0,4.0,0.525,0.5416666666666666
4,2,55.0,232.0,8.0,0.22916666666666666,0.2625
5,0,122.0,231.0,9.0,0.5083333333333333,0.5458333333333333
5,1,124.0,235.0,5.0,0.5166666666666667,0.5375
5,2,49.0,234.0,6.0,0.20416666666666666,0.22916666666666666
6,0,131.0,235.0,5.0,0.5458333333333333,0.5666666666666667
6,1,133.0,236.0,4.0,0.5541666666666667,0.5708333333333333
6,2,60.0,234.0,6.0,0.25,0.275
7,0,142.0,235.0,5.0,0.5916666666666667,0.6125
7,1,138.0,235.0,5.0,0.575,0.5958333333333333
7,2,52.0,234.0,6.0,0.21666666666666667,0.24166666666666667
8,0,150.0,235.0,5.0,0.625,0.6458333333333334
8,1,139.0,236.0,4.0,0.5791666666666667,0.5958333333333333
8,2,63.0,236.0,4.0,0.2625,0.2791666666666667
9,0,164.0,234.0,6.0,0.6833333333333333,0.7083333333333334
9,1,147.0,235.0,5.0,0.6125,0.6333333333333333
9,2,60.0,233.0,7.0,0.25,0.2791666666666667
10,0,160.0,232.0,8.0,0.6666666666666666,0.7
10,1,154.0,234.0,6.0,0.6416666666666667,0.6666666666666666
10,2,75.0,237.0,3.0,0.3125,0.325
11,0,138.0,238.0,2.0,0.575,0.5833333333333334
11,1,158.0,234.0,6.0,0.6583333333333333,0.6833333333333333
11,2,68.0,235.0,5.0,0.2833333333333333,0.30416666666666664
12,0,130.0,235.0,5.0,0.5416666666666666,0.5625
12,1,151.0,233.0,7.0,0.6291666666666667,0.6583333333333333
12,2,80.0,236.0,4.0,0.3333333333333333,0.35
13,0,100.0,232.0,8.0,0.4166666666666667,0.45
13,1,156.0,234.0,6.0,0.65,0.675
13,2,67.0,230.0,10.0,0.2791666666666667,0.32083333333333336
14,0,111.0,232.0,8.0,0.4625,0.49583333333333335
14,1,161.0,232.0,8.0,0.6708333333333333,0.7041666666666667
14,2,81.0,234.0,6.0,0.3375,0.3625
15,0,114.0,233.0,7.0,0.475,0.5041666666666667
15,1,173.0,231.0,9.0,0.7208333333333333,0.7583333333333333
15,2,72.0,236.0,4.0,0.3,0.31666666666666665
16,0,120.0,234.0,6.0,0.5,0.525
16,1,172.0,234.0,6.0,0.7166666666666667,0.7416666666666667
16,2,66.0,233.0,7.0,0.275,0.30416666666666664
17,0,118.0,238.0,2.0,0.49166666666666664,0.5
17,1,152.0,232.0,8.0,0.6333333333333333,0.6666666666666666
17,2,80.0,229.0,11.0,0.3333333333333333,0.37916666666666665
18,0,134.0,231.0,9.0,0.5583333333333333,0.5958333333333333
18,1,167.0,235.0,5.0,0.6958333333333333,0.7166666666666667
18,2,93.0,234.0,6.0,0.3875,0.4125
19,0,124.0,237.0,3.0,0.5166666666666667,0.5291666666666667
19,1,143.0,237.0,3.0,0.5958333333333333,0.6083333333333333
19,2,90.0,235.0,5.0,0.375,0.3958333333333333
20,0,127.0,234.0,6.0,0.5291666666666667,0.5541666666666667
20,1,157.0,236.0,4.0,0.6541666666666667,0.6708333333333333
20,2,89.0,227.0,13.0,0.37083333333333335,0.425
21,0,125.0,229.0,11.0,0.5208333333333334,0.5666666666666667
21,1,166.0,235.0,5.0,0.6916666666666667,0.7125
21,2,82.0,234.0,6.0,0.3416666666666667,0.36666666666666664
22,0,131.0,233.0,7.0,0.5458333333333333,0.575
22,1,169.0,232.0,8.0,0.7041666666666667,0.7375
22,2,84.0,233.0,7.0,0.35,0.37916666666666665
23,0,125.0,235.0,5.0,0.5208333333333334,0.5416666666666666
23,1,149.0,234.0,6.0,0.6208333333333333,0.6458333333333334
23,2,95.0,234.0,6.0,0.3958333333333333,0.42083333333333334
24,0,109.0,233.0,7.0,0.45416666666666666,0.48333333333333334
24,1,154.0,236.0,4.0,0.6416666666666667,0.6583333333333333
24,2,87.0,237.0,3.0,0.3625,0.375
25,0,85.0,237.0,3.0,0.3541666666666667,0.36666666666666664
25,1,150.0,234.0,6.0,0.625,0.65
25,2,97.0,231.0,9.0,0.4041666666666667,0.44166666666666665
26,0,87.0,232.0,8.0,0.3625,0.3958333333333333
26,1,157.0,234.0,6.0,0.6541666666666667,0.6791666666666667
26,2,103.0,235.0,5.0,0.42916666666666664,0.45
27,0,74.0,235.0,5.0,0.30833333333333335,0.32916666666666666
27,1,135.0,236.0,4.0,0.5625,0.5791666666666667
27,2,95.0,237.0,3.0,0.3958333333333333,0.4083333333333333
28,0,111.0,235.0,5.0,0.4625,0.48333333333333334
28,1,149.0,230.0,10.0,0.6208333333333333,0.6625
28,2,83.0,234.0,6.0,0.3458333333333333,0.37083333333333335
29,0,121.0,234.0,6.0,0.5041666666666667,0.5291666666666667
29,1,154.0,236.0,4.0,0.6416666666666667,0.6583333333333333
29,2,95.0,228.0,12.0,0.3958333333333333,0.44583333333333336
30,0,155.0,235.0,5.0,0.6458333333333334,0.6666666666666666
30,1,145.0,232.0,8.0,0.6041666666666666,0.6375
30,2,85.0,235.0,5.0,0.3541666666666667,0.375
31,0,139.0,235.0,5.0,0.5791666666666667,0.6
31,1,160.0,234.0,6.0,0.6666666666666666,0.6916666666666667
31,2,83.0,235.0,5.0,0.3458333333333333,0.36666666666666664
32,0,136.0,236.0,4.0,0.5666666666666667,0.5833333333333334
32,1,171.0,233.0,7.0,0.7125,0.7416666666666667
32,2,99.0,232.0,8.0,0.4125,0.44583333333333336
33,0,166.0,237.0,3.0,0.6916666666666667,0.7041666666666667
33,1,166.0,237.0,3.0,0.6916666666666667,0.7041666666666667
33,2,89.0,231.0,9.0,0.37083333333333335,0.4083333333333333
34,0,121.0,234.0,6.0,0.5041666666666667,0.5291666666666667
34,1,166.0,238.0,2.0,0.6916666666666667,0.7
34,2,91.0,237.0,3.0,0.37916666666666665,0.39166666666666666
35,0,146.0,237.0,3.0,0.6083333333333333,0.6208333333333333
35,1,149.0,233.0,7.0,0.6208333333333333,0.65
35,2,98.0,237.0,3.0,0.4083333333333333,0.42083333333333334
36,0,130.0,236.0,4.0,0.5416666666666666,0.5583333333333333
36,1,135.0,235.0,5.0,0.5625,0.5833333333333334
36,2,97.0,235.0,5.0,0.4041666666666667,0.425
37,0,123.0,233.0,7.0,0.5125,0.5416666666666666
37,1,144.0,233.0,7.0,0.6,0.6291666666666667
37,2,107.0,231.0,9.0,0.44583333333333336,0.48333333333333334
38,0,103.0,238.0,2.0,0.42916666666666664,0.4375
38,1,153.0,235.0,5.0,0.6375,0.6583333333333333
38,2,110.0,227.0,13.0,0.4583333333333333,0.5125
39,0,99.0,233.0,7.0,0.4125,0.44166666666666665
39,1,142.0,235.0,5.0,0.5916666666666667,0.6125
39,2,102.0,230.0,10.0,0.425,0.4666666666666667
40,0,133.0,210.0,30.0,0.5541666666666667,0.6791666666666667
40,1,147.0,224.0,16.0,0.6125,0.6791666666666667
40,2,91.0,198.0,42.0,0.37916666666666665,0.5541666666666667
41,0,125.0,216.0,24.0,0.5208333333333334,0.6208333333333333
41,1,135.0,210.0,30.0,0.5625,0.6875
41,2,96.0,214.0,26.0,0.4,0.5083333333333333
42,0,151.0,237.0,3.0,0.6291666666666667,0.6416666666666667
42,1,147.0,235.0,5.0,0.6125,0.6333333333333333
42,2,104.0,235.0,5.0,0.43333333333333335,0.45416666666666666
43,0,150.0,233.0,7.0,0.625,0.6541666666666667
43,1,146.0,235.0,5.0,0.6083333333333333,0.6291666666666667
43,2,95.0,232.0,8.0,0.3958333333333333,0.42916666666666664
44,0,148.0,231.0,9.0,0.6166666666666667,0.6541666666666667
44,1,156.0,226.0,14.0,0.65,0.7083333333333334
44,2,95.0,237.0,3.0,0.3958333333333333,0.4083333333333333
45,0,146.0,233.0,7.0,0.6083333333333333,0.6375
45,1,143.0,236.0,4.0,0.5958333333333333,0.6125
45,2,98.0,235.0,5.0,0.4083333333333333,0.42916666666666664
46,0,151.0,238.0,2.0,0.6291666666666667,0.6375
46,1,137.0,234.0,6.0,0.5708333333333333,0.5958333333333333
46,2,98.0,239.0,1.0,0.4083333333333333,0.4125
47,0,123.0,233.0,7.0,0.5125,0.5416666666666666
47,1,136.0,236.0,4.0,0.5666666666666667,0.5833333333333334
47,2,105.0,235.0,5.0,0.4375,0.4583333333333333
48,0,116.0,235.0,5.0,0.48333333333333334,0.5041666666666667
48,1,115.0,233.0,7.0,0.4791666666666667,0.5083333333333333
48,2,104.0,233.0,7.0,0.43333333333333335,0.4625
