month,dimension,true,estimate,lower90,upper90,one_step
1,0,0.3927215032342676,0.4140502289330508,0.3632095981223063,0.4667906961475017,0.4260607355537445
1,1,0.5174511312811757,0.5112196182011635,0.45905509042509257,0.5631409212865011,0.6184766147435922
1,2,0.30656355190306145,0.30010752572449856,0.25456168782932714,0.3499764828317663,0.24398239637785513
2,0,0.3711575874017093,0.4054513973852762,0.3685198309917217,0.44348481256662625,0.41626212352076075
2,1,0.5479723794684042,0.5424068788113934,0.5056607619107623,0.5786973102092787,0.5409229685987006
2,2,0.29960134335778205,0.27671779838448984,0.2429158999828655,0.3132769484824011,0.2947413107993998
3,0,0.42111486507380935,0.42629491719182383,0.3921186347569242,0.4611900157863289,0.4389828212793674
3,1,0.5967887716750152,0.579780022009752,0.5469923541868716,0.611878437373053,0.5634493821840655
3,2,0.2702003875055416,0.2843484538386762,0.25326519592728136,0.31762391437682,0.27365065856356546
4,0,0.47816713317114207,0.46333378024402655,0.4294755729642966,0.49753348239989614,0.47446439103720744
4,1,0.6091642003514495,0.6024917357871339,0.5709864169692828,0.6331698107108623,0.606759930970535
4,2,0.25011524647127886,0.2827420587910178,0.252490235895259,0.3150906311578614,0.2805395040054856
5,0,0.5626917653349336,0.541641762767914,0.5080029049053277,0.5749052579935591,0.5159840732963938
5,1,0.6221295407612305,0.6140493761456944,0.5829872329366843,0.6442098295652785,0.632495777519395
5,2,0.23038129660279388,0.2683084895719989,0.23892165523226988,0.2998856217563622,0.2790899900443843
6,0,0.5844722681781184,0.5825872619681087,0.5496315428548986,0.6148214355947592,0.5792866511583187
6,1,0.6035040627195452,0.6174550693947534,0.5864667873215452,0.6475168913088962,0.6305869171226198
6,2,0.23479580437221495,0.2721010155422013,0.24310023237030182,0.3031756973505543,0.2660482320638676
7,0,0.587782981192953,0.5907253607136429,0.5577728313660204,0.6228825996312546,0.5826618413227175
7,1,0.6042470783536099,0.6105777378104389,0.5793023988773068,0.6409690064254331,0.6234966125640593
7,2,0.24987439972249942,0.2525025613089769,0.22467967601386957,0.2825153976848116,0.26947831165715286
8,0,0.5963566192855126,0.5853309037703536,0.5520151177345437,0.6178841241546509,0.5714995436212478
8,1,0.5718397989863312,0.5934210424610681,0.5617495424785741,0.6243343474104506,0.6127318551606646
8,2,0.25390543527809367,0.2487686422802125,0.22178447106403512,0.2778636891049641,0.25172458100993145
9,0,0.6080873230553483,0.5909392254810498,0.5570549387017678,0.6239811209212516,0.5562505803514617
9,1,0.6139122942271591,0.5908381594021904,0.5589041324109041,0.6220237711624452,0.6002894242134921
9,2,0.25583251313344757,0.23717685473579325,0.21109753227325362,0.26539418700649453,0.24833355355854578
10,0,0.5917800551685621,0.5870797618552729,0.5530032882850837,0.6203419266668366,0.5609045460333192
10,1,0.579579062366323,0.5986693039724584,0.5666057418793417,0.6299101365847077,0.5984197495673886
10,2,0.2396026500563423,0.2488865829809608,0.22258836535782542,0.2771840490701606,0.2377864395349756
11,0,0.5222751046410807,0.5452713845695968,0.5115790605973499,0.5785542215713753,0.5577009082557352
11,1,0.617093659904202,0.6112540346427591,0.5792842247948554,0.6422946045437535,0.6040910605151436
11,2,0.253562245109995,0.25912498300895576,0.23199519550847372,0.288236668316664,0.26644549284609975
12,0,0.5037778080001356,0.5227132540391924,0.48916759217875944,0.556055261136494,0.5232290248512921
12,1,0.6436614720869382,0.6150131218950708,0.5832840356377721,0.6457934025948571,0.6132232707350475
12,2,0.30103895152236526,0.2975054071428164,0.26828700769472574,0.3284774096104071,0.2876040141256572
13,0,0.5041382238387715,0.47654678390047694,0.443143816466484,0.5101608840459644,0.504766857716366
13,1,0.6717780426350537,0.6332582081894621,0.6019755519781121,0.66345675670854,0.6159562213948171
13,2,0.31943141551258863,0.3166170938684728,0.28581531574056,0.3491156714596668,0.3320107047858546
14,0,0.496106568166857,0.4836121783807978,0.450232401017916,0.5171388320177757,0.46715111331579534
14,1,0.6960196479977723,0.6702694839754335,0.6400587669269625,0.6991364452927288,0.644980810674764
14,2,0.36585850800083203,0.3605975063252566,0.32809412371495406,0.3944306525307802,0.3503774113177099
15,0,0.5388390321692899,0.5188653037502958,0.4853993365546817,0.5521628530866354,0.5033306383713604
15,1,0.7370236471170489,0.7154567035484231,0.6868178139583236,0.7424587354878203,0.6806264369472439
15,2,0.36044690784073075,0.3635151222692906,0.3306837986182129,0.39766937682522685,0.3698712547966824
16,0,0.5693896243002297,0.5597394259526048,0.5265634437547025,0.5923902224217409,0.5501874054908747
16,1,0.7355211705573734,0.7388391981421004,0.7116584191953962,0.7643063365570096,0.7182779934195362
16,2,0.3694889576194594,0.3511045110184685,0.3184327404238899,0.3852337517652381,0.3594373807467779
17,0,0.5684024799077776,0.5766472047119399,0.5438296632804871,0.6088021221838334,0.5937478623308227
17,1,0.7267190933286513,0.7239592037276928,0.6965338542379379,0.7497963424611516,0.7353187784403683
17,2,0.4084486942901932,0.3643931358546654,0.3315892167831198,0.3985074908775636,0.34054024119513704
18,0,0.6152008158632544,0.6082219087264407,0.5757338202401262,0.6397787590017426,0.6072260432306855
18,1,0.7246415575266655,0.7186429015077991,0.690688307340983,0.7450037918074331,0.7106669025331422
18,2,0.3916822281336094,0.38350295721152705,0.3505587361180714,0.4175526236826519,0.35245308653623253
19,0,0.5870443449759194,0.5724864403543448,0.539513535891862,0.6048276816419498,0.6035991277711148
19,1,0.6652114319183299,0.6651710906940079,0.6353850551569897,0.6936968725398339,0.6981644285421327
19,2,0.3663762799071831,0.3752802562582254,0.34276954334120746,0.4089558069801199,0.36958195912657804
20,0,0.5275558665120438,0.5391395087303154,0.5057575480044733,0.5721740494339884,0.5564731341405946
20,1,0.6814816704497039,0.6471349076217989,0.6164362308408393,0.6766653453166012,0.6527445396240591
20,2,0.3425463418538364,0.3625993480401302,0.33047393649859486,0.3960005827607447,0.3622114797410565
21,0,0.4864134825034627,0.508088458891259,0.4744895160626065,0.5416144933755305,0.5182028571202878
21,1,0.631227178599392,0.6457213309659527,0.6145276138307391,0.6757227841629384,0.6394353339194802
21,2,0.33933987484509703,0.33137054497730817,0.30057706545450963,0.36367839027226617,0.3508451972243926
22,0,0.48468468927640806,0.4955056101934813,0.46198198825067066,0.529069691729993,0.49283268479938686
22,1,0.635916502592276,0.6501573055273089,0.6187136256345013,0.6803475964447319,0.6383965400517476
22,2,0.3143171467422871,0.31581304982879066,0.28585929860227727,0.3473787474873908,0.3228384028285398
23,0,0.46460254643954885,0.4806856840947236,0.4474097738375622,0.5141338287215198,0.4825806057567171
23,1,0.6096947276736062,0.6219639966899552,0.5903681910849113,0.6525570012025838,0.6416583823938652
23,2,0.3317509723552724,0.3400766449074402,0.3091681546498372,0.37240940458104127,0.3293318961852393
24,0,0.43797272031396556,0.4575217859543375,0.42451718918212655,0.4909035077312407,0.47051834200590076
24,1,0.6412878926633205,0.6217109937621351,0.5902230219003028,0.6522051432927664,0.6210168025076003
24,2,0.3530200143387304,0.35420720134220773,0.3225780024600899,0.3871652158193244,0.36482008239425207
25,0,0.4106882230757807,0.41654528113767186,0.38402528525450647,0.44980816249618666,0.45167558272493785
25,1,0.6475222961819874,0.6276750684332139,0.5964212740873901,0.6578968113143845,0.6208324324624959
25,2,0.4132212888861838,0.4001154402104693,0.3668389568118491,0.43433979194575223,0.38606911223782414
26,0,0.41110238455804593,0.41341968731897927,0.380871190815186,0.44674265473190217,0.4182989573977036
26,1,0.663491048576434,0.6604823387425955,0.6301580819727046,0.6895451696213539,0.6409757211178178
26,2,0.462466677432526,0.4459424119474735,0.41170141729322957,0.48070424380826277,0.42900047579207384
27,0,0.44171220807441375,0.41587177445407997,0.3828161289287654,0.44970197870236606,0.4456097977856944
27,1,0.6619853575464445,0.6558731824887829,0.6259223363826968,0.6846342211873181,0.673629643202163
27,2,0.45001215556168733,0.4505013190513082,0.41612454649365915,0.48535727639024867,0.4478851801754684
28,0,0.5209566650722949,0.4930160886777752,0.45943313726079166,0.5266621833498238,0.465780985344236
28,1,0.6796194017847763,0.6847578528178067,0.6556254742637659,0.712506446658908,0.6757287672310881
28,2,0.40265111326762704,0.42856484293954067,0.3942320926270547,0.4635993112704928,0.43807465531859585
29,0,0.5681646072589034,0.5520807946833111,0.5187725330592221,0.5849282075602757,0.5401542755587422
29,1,0.6748573741905682,0.6972881313595751,0.6687663713866471,0.7243661719452513,0.6962312575908619
29,2,0.4181411824168313,0.4346397399080318,0.40026834647440834,0.4696513069190784,0.4100129675815427
30,0,0.6006221776251925,0.6249410118143645,0.5924814468180556,0.6563148833553788,0.58763319981534
30,1,0.6833089900058816,0.6780092701321158,0.6486719453092367,0.7060071076172826,0.6908610845960074
30,2,0.40363658284185605,0.4057499920963436,0.37204855909691853,0.4403633860142144,0.4154727811435892
31,0,0.6049565386190745,0.6072965315815042,0.5746508420988329,0.6390106236606201,0.6173098826033081
31,1,0.6699217318276232,0.6728465602380354,0.6429378941513143,0.701413440888002,0.6677411644750562
31,2,0.37696241679771575,0.37493892590547984,0.342223472766449,0.408837992363659,0.3895309099753806
32,0,0.5712429723611442,0.5698409756428551,0.5366301869305914,0.6024349226560306,0.5852155089937098
32,1,0.6804317896906954,0.6742185069368151,0.6437651947615668,0.7032684342462533,0.6584425799140028
32,2,0.34415307646200904,0.37632247007659436,0.3438851791538536,0.4099079042946082,0.36190553800939357
33,0,0.5500984922169476,0.5827326677052383,0.5488678342467086,0.6158346733388183,0.5434392787965594
33,1,0.6331251101431686,0.6570547340692454,0.6261858277758116,0.6866501368031748,0.6594634333085861
33,2,0.32135418925629256,0.35194979143046284,0.32039514768709015,0.38485228577524033,0.36314564202725585
34,0,0.5187184300239202,0.5150100650587268,0.48133347139145416,0.5485509004980286,0.5540973822590902
34,1,0.619220926329181,0.6449585760655834,0.6137641355266161,0.6749678070897532,0.6467421802598455
34,2,0.33908292793841854,0.3354495320669815,0.3047887258097479,0.36756398218977787,0.34129813175318374
35,0,0.5376984340482921,0.5231560521510841,0.48941551424315777,0.5566865611222866,0.4984780302300382
35,1,0.5691179147928848,0.6206088644643006,0.5890345592294604,0.6511938290455815,0.6378362553344484
35,2,0.3863382542076167,0.3537732829196737,0.3224400510583128,0.38641486238147044,0.3475446813663583
36,0,0.5331603962881635,0.5107465686187744,0.47724887164225593,0.5441480288610042,0.5051285675125222
36,1,0.5675383897132067,0.5927684656563817,0.5609896457521086,0.6237895824477699,0.6200294366315361
36,2,0.41694653631995754,0.3799503582539716,0.34754195971371205,0.41346573539750986,0.3776560875876045
37,0,0.5110918859985489,0.5076873729199068,0.4742207440189832,0.5410852472773193,0.49500011620138373
37,1,0.5923986391418791,0.6060374957314358,0.5744099832629072,0.6368007715323324,0.5998169675276471
37,2,0.46808980529858507,0.4322043584637085,0.39825718900815255,0.4668004326826519,0.41022282434880153
38,0,0.4701903730967799,0.4814129664920773,0.44814744191812894,0.514844085574821,0.49250569475868494
38,1,0.6127570773850546,0.6440454967134176,0.6133334419787155,0.6736162764810265,0.625494298596694
38,2,0.4942578681196754,0.48227834501698014,0.44742111314868993,0.5173089094689692,0.45865744602833264
39,0,0.49028503565852966,0.4928478363160935,0.45933919617033236,0.5264208583252997,0.5015356116690428
39,1,0.648300797979175,0.6592104039748641,0.6292830817700866,0.6879199022014277,0.6619241624910103
39,2,0.4793949367437836,0.48784605626064415,0.4529257307321034,0.5228854233009309,0.48094301034219866
40,0,0.5535158409611625,0.5869933977883627,0.5530923374916344,0.6200892413085465,0.5291060083277436
40,1,0.6651282466801323,0.6887292856171107,0.659572225859465,0.716462613549599,0.6780885191121894
40,2,0.4277848182938653,0.4910140539631049,0.4550641599926025,0.5270571259586954,0.47190051406568306
41,0,0.5894302415722884,0.6208910412763307,0.5880143956958924,0.6526937080491717,0.6154630055165243
41,1,0.6525538443960358,0.6962354387020815,0.6671015832909859,0.7238749764124323,0.6990662955767789
41,2,0.42992750775615873,0.48104785254452304,0.4453979604265417,0.5168917646410593,0.46632571146230395
42,0,0.618402718479867,0.651028412061075,0.6194520785061298,0.6813325264399375,0.6424285321395958
42,1,0.6369967826522005,0.677458113400944,0.6480314703020065,0.7055424190745286,0.690085848304395
42,2,0.4282453923483813,0.46431379764551434,0.42959151790939487,0.4993855181589614,0.4573059087782568
43,0,0.6352768509426433,0.6404337902092524,0.608399741279131,0.6712632838760683,0.6388226843565766
43,1,0.6334002011336649,0.6512335715906783,0.6209159211142556,0.680374677661042,0.6673334319460527
43,2,0.4103851899002936,0.4287967594948127,0.39473988934263693,0.4635416208967435,0.4421924686787724
44,0,0.6215313654504775,0.6121114736406816,0.5791621077372179,0.6440665130269037,0.6128721712707877
44,1,0.6147584319460511,0.6488139661791881,0.6177423503734057,0.6786736847096154,0.6424506688996966
44,2,0.380179579679473,0.3940096571458135,0.36105773239755234,0.42795465282117306,0.4102213489240229
45,0,0.584537371766389,0.5769090956188494,0.5433434771174078,0.6097794251544161,0.57855818143355
45,1,0.5618656979442848,0.6098286802370774,0.5782336470383603,0.6405282784071908,0.6406699856264232
45,2,0.35526347100827005,0.37350499834502426,0.341350295125711,0.40681779867892087,0.3790014130920128
46,0,0.5585373017397708,0.5587314760796415,0.525027838910348,0.5919024776619896,0.5492776883646039
46,1,0.5246663230518431,0.5809659379666261,0.5489600823473575,0.612304614470974,0.6121876626195768
46,2,0.3435481846836923,0.35680962772562325,0.3254351064564551,0.38946254930597,0.3606202826587566
47,0,0.4981667071141744,0.5107229717951185,0.4771403124383254,0.5442091182890951,0.5342856907144825
47,1,0.5210519382789355,0.5667401736946233,0.5346460282694518,0.5982839869290165,0.5912801583900551
47,2,0.3577130108184626,0.37851231839498545,0.34631259586982427,0.411819795526984,0.3672624031762115
48,0,0.48052533894870375,0.4822803660692212,0.44901376445877617,0.515704787980136,0.4949808723278613
48,1,0.5431971798859115,0.5384401480119688,0.5061655550658132,0.5703956925496049,0.5810061470464463
48,2,0.4043330922320342,0.40702758254589577,0.3738181304326013,0.44110901220476384,0.4007075716066015
